{
    "pictures": [
        {
            "description": "Test.01//impression négatif+scan",
            "id": 1
        },
        {
            "description": "Drapé bleu sur béton//Alès",
            "id": 2
        },
        {
            "description": "Station de lavage et décapotable",
            "id": 3
        },
        {
            "description": "Test.02//impression brouillard",
            "id": 4
        },
        {
            "description": "Lignes parallèles",
            "id": 5
        },
        {
            "description": "Coin de lumière",
            "id": 6
        },
        {
            "description": "Reflets dorés",
            "id": 7
        },
        {
            "description": "Bâtiment et ciel ne font qu'un",
            "id": 8
        },
        {
            "description": "Motif urbain",
            "id": 9
        },
        {
            "description": "Le chemin se crée",
            "id": 10
        },
        {
            "description": "Anti reflet",
            "id": 11
        },
        {
            "description": "Marchand d'or",
            "id": 12
        },
        {
            "description": "Les uns sur les autres",
            "id": 13
        },
        {
            "description": "TRIPLE S",
            "id": 14
        },
        {
            "description": "Perception d'un rêve",
            "id": 15
        },
        {
            "description": "Contraste",
            "id": 16
        },
        {
            "description": "Fumée sur béton",
            "id": 17
        },
        {
            "description": "nature enfermée ",
            "id": 18
        },
        {
            "description": "poings serrés",
            "id": 19
        },
        {
            "description": "échappatoire",
            "id": 20
        },
        {
            "description": "prise sur le vif",
            "id": 21
        },
        {
            "description": "éclat de lumière",
            "id": 22
        }
    ]
}